{
  "ligo_coherence": {
    "chaos_z": [
      1.4800097005960555,
      -0.6571619315074849,
      0.3513393599600998,
      0.9260955832195825,
      1.6665716334916258,
      -0.2011661095333426,
      -0.6584618203288657,
      -0.04022563036934438,
      1.544267347543306,
      -0.5381879425336273,
      1.8351101104640695,
      0.004267934868020376,
      1.0539597877798401,
      -0.4347141336013319,
      1.3035217832687336,
      0.8024519733790879,
      0.3422237822202267,
      2.8484387162846,
      -0.003154417183039917,
      0.07734897211960676,
      0.4045496249151355,
      0.6642325297556644,
      -0.6790812432010241
    ],
    "synthetic_z": [
      1.5163650804884818,
      -0.5985534522765259,
      0.7071067811865476,
      -0.06376887328674612,
      1.4339608171901967,
      -0.6121088335202001,
      -0.6150836329516228,
      0.441039244582725,
      2.096247077535873,
      -0.6651034645307369,
      1.7418456527620712,
      0.08290266722896772,
      -0.8437091570768133,
      -0.44307094023030325,
      1.9415659303515649,
      -0.17441733984190178,
      -1.2096344229729896,
      1.691104752744428,
      1.3990945866465552,
      -0.8442811048811729,
      -0.32225801712424135,
      0.25060313718537075,
      -1.3595497237186795
    ]
  }
}